ID1	CHR1	BP1	ID2	CHR2	BP2	beta	se	p
rs617322	1	179625030	rs11672221	19	39000098	0.892313	0.191554	3.18858e-06
rs296533	1	199132391	rs34621655	3	11505121	-0.322641	0.0716808	6.76108e-06
rs4972215	2	88603059	rs2100700	8	9425432	-2.69912	0.606729	8.64156e-06
rs16900804	5	358595	rs7770982	6	151368726	-0.71525	0.159416	7.23378e-06
