rs	chr	ps	beta	se	p
rs6530854	8	15280833	0.04324426	0.009122207	2.193156e-06
rs6530863	8	15291861	0.04029816	0.008822362	5.054047e-06
rs35684719	19	1852649	-0.08529984	0.01906011	7.806984e-06
