ID1	CHR1	BP1	ID2	CHR2	BP2	beta	se	p
rs12141375	1	201447985	rs2505127	10	30409866	0.583831	0.126055	3.62889e-06
rs4078437	1	227325540	rs1526131	4	110053688	0.47285	0.082201	8.8008e-09
rs11801153	1	227327711	rs1526131	4	110053688	0.437222	0.0817077	8.74462e-08
rs4855129	3	181161256	rs2315505	3	183835768	0.346628	0.0754697	4.3705e-06
rs2302580	4	8659534	rs7120582	11	11508648	-0.34236	0.0769275	8.57002e-06
rs1877314	4	164709468	rs17764849	15	40483167	-17.5639	3.92337	7.57961e-06
rs11154637	6	131780207	rs871437	11	132309082	0.489959	0.100031	9.67749e-07
rs11159233	14	76295162	rs12436912	14	85891516	0.318476	0.070227	5.76176e-06
