ID1	CHR1	BP1	ID2	CHR2	BP2	beta	se	p
rs1591785	1	155472908	rs459799	18	11310782	-0.439012	0.0984284	8.18773e-06
rs17481962	2	66119342	rs818237	6	79016607	-0.582643	0.121067	1.48993e-06
rs17481962	2	66119342	rs818314	6	79099709	-0.559362	0.120338	3.34756e-06
rs10164664	2	127190350	rs527462	11	77561126	-0.694889	0.152132	4.93152e-06
rs35674	3	10343577	rs7774089	6	4226644	0.406377	0.0868489	2.88106e-06
rs17027938	3	86865663	rs2831440	21	28349969	-0.823015	0.184759	8.40738e-06
rs12503097	4	26706196	rs10736793	11	73080224	-0.466031	0.104565	8.31669e-06
rs1204114	6	62448875	rs2318149	8	58377571	-0.457657	0.102772	8.46244e-06
rs10484690	6	62500563	rs2318149	8	58377571	-0.458042	0.102741	8.26368e-06
rs1322081	6	62545459	rs2318149	8	58377571	-0.474905	0.104009	4.97118e-06
rs4710489	6	62562328	rs2318149	8	58377571	-0.466306	0.103713	6.92015e-06
rs879384	6	97643721	rs9940044	16	64956434	-0.463242	0.102435	6.11747e-06
rs4377857	7	15306854	rs11223064	11	131794603	0.390962	0.0876367	8.15143e-06
rs2330676	7	54181258	rs2496029	10	106546794	0.466002	0.0998067	3.02604e-06
rs1498706	12	92521111	rs12605132	18	52545102	-0.825357	0.172682	1.75626e-06
rs4776609	15	70753857	rs2207541	20	59613519	-2.26033	0.503806	7.2401e-06
