rs	chr	ps	beta	se	p
rs3755223	2	207046025	-0.07426181	0.0165418	7.311897e-06
rs2300965	2	207096485	-0.07445953	0.01651174	6.653443e-06
