ID1	CHR1	BP1	ID2	CHR2	BP2	beta	se	p
rs4640664	4	87151510	rs4778818	15	78647155	-0.361948	0.0770514	2.63384e-06
