rs	chr	ps	beta	se	p
rs12960442	18	34281493	0.0573453	0.01282782	7.988118e-06
