ID1	CHR1	BP1	ID2	CHR2	BP2	beta	se	p
rs12330779	3	155395331	rs7329533	13	41456003	-0.915244	0.204495	7.61852e-06
rs9257813	6	29465341	rs1074780	7	47814204	0.368075	0.0756188	1.13019e-06
rs4713214	6	29465975	rs1074780	7	47814204	0.368482	0.0756975	1.12834e-06
rs9257819	6	29468162	rs1074780	7	47814204	0.366533	0.0756094	1.24888e-06
rs1362065	6	29468656	rs1074780	7	47814204	0.369737	0.0758033	1.07393e-06
rs1362064	6	29468755	rs1074780	7	47814204	0.352813	0.0761914	3.64583e-06
rs9257823	6	29469714	rs1074780	7	47814204	0.366833	0.0756053	1.22252e-06
rs1362063	6	29470272	rs1074780	7	47814204	0.361148	0.0756073	1.7826e-06
rs4713216	6	29472126	rs1074780	7	47814204	0.36754	0.075616	1.17022e-06
rs4713217	6	29472304	rs1074780	7	47814204	0.366833	0.0756053	1.22252e-06
rs9257834	6	29472594	rs1074780	7	47814204	0.365078	0.0756051	1.37397e-06
rs2073151	6	29472930	rs1074780	7	47814204	0.370345	0.0757534	1.01443e-06
rs2073150	6	29473220	rs1074780	7	47814204	0.358063	0.075679	2.23044e-06
rs4713218	6	29473953	rs1074780	7	47814204	0.367226	0.0756092	1.19242e-06
rs2158279	6	29474244	rs1074780	7	47814204	0.362402	0.0757723	1.72889e-06
rs1024470	6	29474356	rs1074780	7	47814204	0.373353	0.0757183	8.18904e-07
rs1028411	6	29475378	rs1074780	7	47814204	0.364823	0.0756205	1.40433e-06
rs4711187	6	29475569	rs1074780	7	47814204	0.35953	0.0758196	2.11707e-06
rs1419634	6	29477651	rs1074780	7	47814204	0.357352	0.0757918	2.41815e-06
rs1362060	6	29479394	rs1074780	7	47814204	0.360564	0.0756652	1.88611e-06
