ID1	CHR1	BP1	ID2	CHR2	BP2	beta	se	p
rs4643692	3	16122941	rs11134316	5	8625050	-0.382371	0.0852055	7.20208e-06
rs10053846	5	50648336	rs888714	5	149929999	0.377706	0.0832368	5.68633e-06
rs1982193	5	71561848	rs8056477	16	86156751	-0.335779	0.0724985	3.62957e-06
rs10230448	7	84143423	rs12365254	11	15681444	0.377047	0.0850298	9.23764e-06
rs2274442	14	68857502	rs7220773	17	29887477	0.517911	0.115361	7.13915e-06
