ID1	CHR1	BP1	ID2	CHR2	BP2	beta	se	p
rs7744329	6	168161518	rs1458118	8	87785399	0.429202	0.0923454	3.35508e-06
rs7760268	6	170405403	rs921960	8	110461305	-0.358003	0.0767034	3.05089e-06
rs7760268	6	170405403	rs4735133	8	110506560	-0.362	0.0775183	3.01393e-06
rs7760268	6	170405403	rs1026439	8	110543083	-0.344086	0.0765536	6.96662e-06
rs9348301	6	170406674	rs921960	8	110461305	-0.341069	0.0742207	4.32041e-06
rs9348301	6	170406674	rs4735133	8	110506560	-0.350075	0.0752012	3.23709e-06
