rs	chr	ps	beta	se	p
rs4912521	3	185280657	0.0617833	0.01384328	8.265329e-06
rs355425	5	77247426	0.05411645	0.01204	7.130298e-06
