rs	chr	ps	beta	se	p
rs173703	5	67583082	0.04807172	0.01054538	5.278831e-06
