ID1	CHR1	BP1	ID2	CHR2	BP2	beta	se	p
rs2293554	2	201839832	rs13135121	4	22039605	0.501932	0.110369	5.42156e-06
rs4698844	4	103437003	rs4985650	17	5761818	0.380113	0.0851549	8.05254e-06
