ID1	CHR1	BP1	ID2	CHR2	BP2	beta	se	p
rs17162990	1	28395825	rs12001716	9	116011205	0.716705	0.153518	3.03344e-06
