rs	chr	ps	beta	se	p
rs945494	10	36141815	-0.08405436	0.01873942	7.446852e-06
