ID1	CHR1	BP1	ID2	CHR2	BP2	beta	se	p
rs1025748	4	154783347	rs28564876	5	179010674	0.34535	0.0756794	5.03498e-06
