ID1	CHR1	BP1	ID2	CHR2	BP2	beta	se	p
rs10903108	1	25061527	rs6836731	4	126776318	-0.335245	0.073884	5.69396e-06
rs1975365	1	85318295	rs12120901	1	241637153	1.05397	0.237604	9.17224e-06
rs934012	2	19593206	rs11707637	3	25554919	0.33543	0.0749525	7.63249e-06
rs934012	2	19593206	rs12432424	14	35549578	-0.775223	0.171081	5.86169e-06
rs1427538	2	19627241	rs11707637	3	25554919	0.382548	0.0863309	9.37178e-06
rs1530940	2	236570047	rs9401672	6	123820711	-0.447041	0.0846913	1.3026e-07
rs13024834	2	236611291	rs9401672	6	123820711	-0.403388	0.0862611	2.92018e-06
rs6920980	6	71083045	rs9540226	13	64281942	0.750821	0.169086	8.97587e-06
rs12375209	7	10863750	rs7789727	7	102576731	-0.88065	0.196281	7.23405e-06
rs4595060	7	108548069	rs4782578	16	82620921	0.528021	0.118351	8.13866e-06
rs7830660	8	16460188	rs10483465	14	35978788	-17.6035	3.94632	8.16772e-06
rs1152620	11	65013905	rs16972147	19	52544819	0.481571	0.102555	2.65643e-06
rs1152620	11	65013905	rs10419759	19	52547139	0.484378	0.101845	1.97434e-06
rs600231	11	65017222	rs16972147	19	52544819	0.439568	0.0995087	9.99016e-06
rs10896016	11	65092281	rs16972147	19	52544819	0.44113	0.0988637	8.11992e-06
rs1784220	11	65094290	rs16972147	19	52544819	0.485856	0.102039	1.922e-06
rs1784220	11	65094290	rs10419759	19	52547139	0.473933	0.101104	2.76482e-06
