ID1	CHR1	BP1	ID2	CHR2	BP2	beta	se	p
rs319506	1	117986855	rs2183617	14	48908147	0.427415	0.0886057	1.4086e-06
rs4364477	6	24967642	rs2712636	12	100153607	0.369456	0.0805193	4.46618e-06
rs12704370	7	87268605	rs10887538	10	87701836	-0.305476	0.0690356	9.64873e-06
