ID1	CHR1	BP1	ID2	CHR2	BP2	beta	se	p
rs2267705	7	139342717	rs7173329	15	77057506	0.36051	0.0779035	3.69828e-06
