rs	chr	ps	beta	se	p
rs10892871	11	122030518	0.04589936	0.01028763	8.321144e-06
