rs	chr	ps	beta	se	p
rs7593443	2	221840355	-0.2256022	0.05066109	8.653798e-06
