ID1	CHR1	BP1	ID2	CHR2	BP2	beta	se	p
rs27362	5	106865653	rs12939700	17	35499317	3.3389	0.729377	4.70016e-06
