ID1	CHR1	BP1	ID2	CHR2	BP2	beta	se	p
rs2293084	2	665831	rs11903030	2	78997454	-0.409436	0.0899738	5.34885e-06
rs4945513	6	114598849	rs7251306	19	17513396	0.424679	0.0959045	9.50496e-06
rs516810	7	41582513	rs16978600	20	53647563	-0.534103	0.116794	4.80707e-06
rs10271373	7	138380335	rs11067772	12	114712808	0.320742	0.0702569	4.98838e-06
rs2275419	9	2087585	rs2842149	10	128325215	0.382947	0.0863271	9.16441e-06
rs17452025	12	17653959	rs1001161	14	53126377	-0.718347	0.152904	2.62676e-06
rs4564686	18	46016671	rs891184	19	17552751	-0.337722	0.0750672	6.82969e-06
