rs	chr	ps	beta	se	p
rs7340215	2	241454524	0.04278599	0.009643031	9.327279e-06
