ID1	CHR1	BP1	ID2	CHR2	BP2	beta	se	p
rs10132079	14	50840607	rs16948648	17	45510770	-0.463404	0.0992413	3.01987e-06
