ID1	CHR1	BP1	ID2	CHR2	BP2	beta	se	p
rs6673329	1	161061124	rs9837045	3	3044773	-0.92815	0.208842	8.81891e-06
rs2279014	2	218969420	rs6481442	10	52041194	0.32566	0.0732102	8.65598e-06
rs12633333	3	21027741	rs4741721	9	2498296	0.352467	0.0783569	6.85237e-06
rs12633333	3	21027741	rs1970074	9	2499947	0.353397	0.0780632	5.98102e-06
rs6846158	4	14373558	rs7725025	5	83343330	0.581131	0.130506	8.47224e-06
rs6840522	4	54725132	rs17402321	7	8206434	0.612113	0.125569	1.08975e-06
rs4446676	7	103665690	rs8009761	14	73958307	0.336268	0.0739461	5.42927e-06
