ID1	CHR1	BP1	ID2	CHR2	BP2	beta	se	p
rs7594656	2	78960403	rs4298137	4	14412892	0.410602	0.0927353	9.5253e-06
