ID1	CHR1	BP1	ID2	CHR2	BP2	beta	se	p
rs950283	1	94339811	rs9868633	3	171223985	0.328199	0.0729925	6.91365e-06
rs12122365	1	165349493	rs2075814	15	22716869	-0.479834	0.107422	7.93992e-06
rs910027	1	208621610	rs11080277	17	29869239	0.329404	0.0744708	9.7224e-06
rs3732238	2	71267492	rs1867343	4	99938984	0.72242	0.161933	8.1497e-06
rs3821248	2	71267515	rs1867343	4	99938984	0.716941	0.161947	9.55434e-06
rs10514625	2	71292673	rs1867343	4	99938984	0.775488	0.166897	3.37605e-06
rs6713034	2	71321479	rs1867343	4	99938984	0.73917	0.159958	3.8182e-06
rs1870384	2	71324662	rs1867343	4	99938984	0.787563	0.166949	2.38897e-06
rs955748	4	184452669	rs10810150	9	14442729	-0.491768	0.102678	1.67254e-06
rs907360	4	184471581	rs585732	11	96285675	0.70762	0.157048	6.61355e-06
rs849434	7	106366914	rs4776280	15	64188464	0.612789	0.13761	8.46428e-06
rs6476056	9	28317563	rs7170976	15	86308336	-0.337312	0.0698287	1.36149e-06
rs4269843	10	90934196	rs11837742	12	42647084	-0.580776	0.130882	9.10511e-06
rs872534	11	36181777	rs844834	20	23034504	-1.30854	0.28859	5.78078e-06
