rs	chr	ps	beta	se	p
rs849412	7	106337138	-0.05200531	0.01154612	6.822661e-06
