rs	chr	ps	beta	se	p
rs12422435	12	22206788	0.06274956	0.01250274	5.385951e-07
rs10785556	12	43879949	-0.07816627	0.01691895	3.937209e-06
rs3782131	12	43897301	-0.080772	0.01705598	2.245994e-06
rs160142	13	92444044	-0.05100096	0.01122308	5.647524e-06
