ID1	CHR1	BP1	ID2	CHR2	BP2	beta	se	p
rs7521638	1	182208894	rs2869678	4	88652904	0.389898	0.0877291	8.8162e-06
rs3850348	2	54266043	rs7024375	9	101901434	-0.684548	0.147766	3.61013e-06
rs12636704	3	20959556	rs17837475	7	142068782	-1.40446	0.31306	7.24977e-06
rs10520104	4	152398761	rs10069488	5	167543975	0.641204	0.140058	4.69163e-06
rs3797064	5	32107970	rs4078431	7	151206337	0.445983	0.0998123	7.88733e-06
rs17076524	6	147348293	rs8060622	16	83895872	0.49515	0.10881	5.3493e-06
rs4720965	7	1733196	rs16966853	15	30766905	-0.437586	0.0989897	9.84662e-06
rs1455805	8	76200122	rs1209950	21	39095398	0.31032	0.0686626	6.19879e-06
rs9556282	13	92787919	rs4791193	17	60815415	-0.455511	0.102785	9.35017e-06
