rs	chr	ps	beta	se	p
rs7513441	1	72196705	-0.04934365	0.01112942	9.473365e-06
