rs	chr	ps	beta	se	p
rs846410	6	146836390	-0.04600897	0.009646454	1.901427e-06
rs2025157	6	146851348	-0.04491481	0.009550959	2.640192e-06
