ID1	CHR1	BP1	ID2	CHR2	BP2	beta	se	p
rs5000240	5	117889748	rs945494	10	36141815	0.612795	0.131712	3.27868e-06
