rs	chr	ps	beta	se	p
rs7226196	17	50803248	-0.04051433	0.009155865	9.860077e-06
