ID1	CHR1	BP1	ID2	CHR2	BP2	beta	se	p
rs3157	1	41265698	rs10500611	11	4637043	-0.428888	0.0959975	7.90653e-06
rs4660184	1	41297125	rs10500611	11	4637043	-0.439301	0.0973405	6.39076e-06
rs213769	1	41387945	rs10500611	11	4637043	0.420632	0.0947273	8.97704e-06
rs160570	5	3168715	rs17634286	13	102000826	-1.45893	0.322856	6.2187e-06
rs1830874	6	89184887	rs6592333	11	86483189	-0.577804	0.127151	5.51348e-06
