ID1	CHR1	BP1	ID2	CHR2	BP2	beta	se	p
rs1881988	3	153044288	rs10746129	12	107615218	0.286405	0.0648247	9.95497e-06
rs271178	6	133338876	rs12706135	7	116422284	-0.372423	0.0812986	4.62924e-06
rs271178	6	133338876	rs11764134	7	116450265	-0.361158	0.0810037	8.25188e-06
rs2999428	10	47100266	rs2829973	21	26182327	-0.358074	0.0740284	1.31829e-06
