ID1	CHR1	BP1	ID2	CHR2	BP2	beta	se	p
rs9555487	13	108051951	rs1767418	14	84779135	0.32131	0.0722017	8.58018e-06
