rs	chr	ps	beta	se	p
rs2477842	6	41597419	-0.04907232	0.01104761	9.117822e-06
