rs	chr	ps	beta	se	p
rs7955668	12	134100	0.08475587	0.01901055	8.447595e-06
