ID1	CHR1	BP1	ID2	CHR2	BP2	beta	se	p
rs10865306	2	58766643	rs13337908	16	64892302	1.08173	0.226584	1.80528e-06
rs10865306	2	58766643	rs7203134	16	64892479	0.943826	0.212114	8.60283e-06
