ID1	CHR1	BP1	ID2	CHR2	BP2	beta	se	p
rs17020500	4	146798902	rs7321299	13	93646612	0.334674	0.0730148	4.56941e-06
rs17624670	8	32245916	rs5764560	22	42876698	0.369075	0.0822194	7.15929e-06
rs759525	12	106562333	rs11090143	22	41850049	-17.7882	3.99892	8.65759e-06
