rs	chr	ps	beta	se	p
rs1443908	13	52875366	0.04458369	0.009898146	6.819166e-06
