ID1	CHR1	BP1	ID2	CHR2	BP2	beta	se	p
rs7522140	1	3916997	rs1763212	14	100763664	0.419564	0.0851473	8.32852e-07
rs2055907	5	49674894	rs3763609	9	70837230	0.456388	0.0995982	4.5991e-06
rs500720	6	18534587	rs8009876	14	67887166	-0.500539	0.109761	5.10898e-06
