rs	chr	ps	beta	se	p
rs2681052	7	11615464	0.03826514	0.008510391	7.078301e-06
rs8045616	16	24989785	-0.06146742	0.01380381	8.663168e-06
